N,t,S,S_lo,S_hi
4,0.0000,1.000000,1.000000,1.000000
4,4.2000,0.995000,0.965041,0.999294
4,7.7000,0.990000,0.960611,0.997490
4,12.8000,0.985000,0.954220,0.995137
4,30.7000,0.980000,0.947594,0.992446
4,32.9000,0.975000,0.940985,0.989518
4,36.4000,0.970000,0.934447,0.986409
4,37.2000,0.965000,0.927990,0.983159
4,38.1000,0.960000,0.921611,0.979793
4,39.4000,0.955000,0.915305,0.976329
4,39.8000,0.950000,0.909066,0.972781
4,48.4000,0.945000,0.902887,0.969159
4,49.1000,0.940000,0.896764,0.965474
4,53.3000,0.935000,0.890691,0.961730
4,53.8000,0.930000,0.884664,0.957935
4,55.5000,0.925000,0.878680,0.954093
4,62.0000,0.920000,0.872735,0.950207
4,63.9000,0.915000,0.866827,0.946282
4,65.0000,0.910000,0.860953,0.942321
4,66.4000,0.905000,0.855112,0.938325
4,66.8000,0.900000,0.849300,0.934298
4,67.1000,0.895000,0.843517,0.930240
4,68.2000,0.890000,0.837760,0.926155
4,71.3000,0.885000,0.832029,0.922043
4,72.5000,0.880000,0.826321,0.917907
4,72.6000,0.875000,0.820637,0.913747
4,72.7000,0.870000,0.814975,0.909564
4,73.3000,0.865000,0.809333,0.905359
4,75.4000,0.860000,0.803711,0.901135
4,76.6000,0.855000,0.798109,0.896890
4,77.5000,0.850000,0.792524,0.892627
4,79.5000,0.845000,0.786958,0.888346
4,79.9000,0.840000,0.781409,0.884048
4,80.6000,0.835000,0.775876,0.879732
4,80.9000,0.830000,0.770358,0.875401
4,83.5000,0.825000,0.764857,0.871054
4,84.8000,0.820000,0.759370,0.866692
4,85.1000,0.815000,0.753897,0.862315
4,85.5000,0.810000,0.748439,0.857925
4,85.7000,0.805000,0.742994,0.853520
4,86.7000,0.800000,0.737563,0.849102
4,87.2000,0.795000,0.732144,0.844672
4,87.4000,0.790000,0.726738,0.840228
4,87.8000,0.785000,0.721344,0.835773
4,87.9000,0.780000,0.715962,0.831305
4,89.5000,0.775000,0.710592,0.826825
4,89.7000,0.770000,0.705233,0.822334
4,90.6000,0.765000,0.699886,0.817832
4,91.5000,0.760000,0.694549,0.813319
4,92.4000,0.755000,0.689223,0.808796
4,93.5000,0.750000,0.683908,0.804262
4,95.5000,0.740000,0.673307,0.795162
4,96.9000,0.735000,0.668022,0.790598
4,97.2000,0.730000,0.662747,0.786024
4,97.5000,0.725000,0.657481,0.781440
4,98.2000,0.720000,0.652225,0.776847
4,98.3000,0.715000,0.646978,0.772244
4,98.6000,0.710000,0.641740,0.767633
4,98.7000,0.705000,0.636512,0.763013
4,99.4000,0.700000,0.631292,0.758383
4,101.1000,0.695000,0.626081,0.753745
4,101.2000,0.685000,0.615684,0.744444
4,101.6000,0.680000,0.610499,0.739780
4,102.1000,0.675000,0.605322,0.735108
4,105.2000,0.670000,0.600153,0.730429
4,107.8000,0.665000,0.594993,0.725741
4,107.9000,0.660000,0.589840,0.721045
4,108.6000,0.655000,0.584696,0.716341
4,109.2000,0.650000,0.579559,0.711629
4,109.5000,0.645000,0.574430,0.706910
4,109.8000,0.640000,0.569309,0.702183
4,110.1000,0.635000,0.564196,0.697448
4,110.8000,0.630000,0.559090,0.692706
4,111.1000,0.625000,0.553992,0.687957
4,111.8000,0.620000,0.548902,0.683200
4,112.1000,0.615000,0.543819,0.678435
4,113.2000,0.610000,0.538743,0.673664
4,113.9000,0.605000,0.533675,0.668885
4,115.5000,0.600000,0.528614,0.664099
4,116.7000,0.595000,0.523560,0.659306
4,118.4000,0.590000,0.518514,0.654506
4,119.3000,0.585000,0.513475,0.649698
4,120.2000,0.580000,0.508443,0.644884
4,120.8000,0.575000,0.503418,0.640063
4,121.1000,0.570000,0.498400,0.635234
4,121.2000,0.565000,0.493389,0.630399
4,121.3000,0.560000,0.488386,0.625557
4,121.6000,0.555000,0.483389,0.620708
4,121.7000,0.550000,0.478400,0.615852
4,121.9000,0.545000,0.473417,0.610990
4,122.7000,0.540000,0.468441,0.606120
4,122.8000,0.535000,0.463473,0.601244
4,122.9000,0.530000,0.458511,0.596361
4,124.4000,0.525000,0.453556,0.591472
4,124.5000,0.515000,0.443667,0.581672
4,124.7000,0.510000,0.438733,0.576762
4,126.4000,0.505000,0.433806,0.571846
4,126.7000,0.500000,0.428886,0.566922
4,127.2000,0.495000,0.423973,0.561992
4,129.1000,0.490000,0.419066,0.557056
4,132.7000,0.485000,0.414167,0.552112
4,133.2000,0.480000,0.409274,0.547162
4,133.7000,0.475000,0.404389,0.542205
4,134.7000,0.470000,0.399510,0.537242
4,134.9000,0.460000,0.389774,0.527295
4,136.8000,0.455000,0.384916,0.522311
4,137.7000,0.450000,0.380065,0.517320
4,140.1000,0.445000,0.375222,0.512323
4,140.6000,0.440000,0.370385,0.507319
4,141.7000,0.435000,0.365556,0.502308
4,142.3000,0.430000,0.360733,0.497290
4,142.7000,0.420000,0.351110,0.487233
4,143.1000,0.415000,0.346310,0.482195
4,144.1000,0.410000,0.341516,0.477149
4,145.4000,0.405000,0.336730,0.472097
4,147.5000,0.400000,0.331951,0.467037
4,148.2000,0.395000,0.327180,0.461970
4,148.3000,0.390000,0.322416,0.456896
4,148.5000,0.385000,0.317659,0.451815
4,148.8000,0.380000,0.312910,0.446727
4,151.1000,0.375000,0.308169,0.441631
4,151.5000,0.370000,0.303435,0.436528
4,151.9000,0.365000,0.298710,0.431418
4,152.0000,0.360000,0.293991,0.426300
4,152.3000,0.355000,0.289281,0.421175
4,152.5000,0.350000,0.284579,0.416042
4,153.7000,0.345000,0.279885,0.410901
4,155.1000,0.340000,0.275199,0.405753
4,155.5000,0.335000,0.270521,0.400597
4,156.9000,0.330000,0.265851,0.395433
4,157.2000,0.325000,0.261190,0.390261
4,157.3000,0.320000,0.256538,0.385080
4,158.7000,0.315000,0.251893,0.379892
4,159.2000,0.310000,0.247258,0.374696
4,159.3000,0.305000,0.242632,0.369491
4,159.8000,0.300000,0.238014,0.364277
4,164.0000,0.295000,0.233405,0.359055
4,164.4000,0.290000,0.228806,0.353824
4,164.7000,0.285000,0.224216,0.348585
4,165.2000,0.280000,0.219636,0.343336
4,166.9000,0.275000,0.215065,0.338079
4,170.4000,0.270000,0.210504,0.332812
4,172.7000,0.265000,0.205953,0.327535
4,173.4000,0.260000,0.201412,0.322249
4,174.0000,0.255000,0.196882,0.316953
4,178.0000,0.250000,0.192362,0.311648
4,178.4000,0.245000,0.187853,0.306332
4,178.9000,0.240000,0.183355,0.301006
4,181.9000,0.235000,0.178868,0.295669
4,183.9000,0.230000,0.174393,0.290321
4,186.6000,0.225000,0.169929,0.284963
4,187.3000,0.220000,0.165477,0.279593
4,187.4000,0.215000,0.161038,0.274212
4,187.8000,0.210000,0.156611,0.268819
4,187.9000,0.205000,0.152197,0.263413
4,188.6000,0.200000,0.147797,0.257996
4,191.5000,0.195000,0.143410,0.252565
4,191.6000,0.190000,0.139037,0.247122
4,193.7000,0.185000,0.134678,0.241665
4,197.6000,0.180000,0.130335,0.236194
4,197.9000,0.170000,0.121695,0.225209
4,200.0000,0.165000,0.117399,0.219693
4,202.3000,0.160000,0.113120,0.214162
4,209.9000,0.155000,0.108859,0.208615
4,210.7000,0.150000,0.104616,0.203050
4,211.0000,0.140000,0.096189,0.191867
4,211.5000,0.135000,0.092006,0.186247
4,214.0000,0.130000,0.087845,0.180607
4,218.4000,0.125000,0.083707,0.174946
4,221.8000,0.120000,0.079593,0.169263
4,222.1000,0.115000,0.075503,0.163557
4,225.3000,0.110000,0.071441,0.157827
4,225.6000,0.105000,0.067407,0.152070
4,226.1000,0.100000,0.063402,0.146286
4,226.2000,0.095000,0.059429,0.140473
4,233.3000,0.090000,0.055491,0.134629
4,234.6000,0.085000,0.051589,0.128752
4,239.0000,0.080000,0.047726,0.122839
4,239.4000,0.075000,0.043906,0.116887
4,241.6000,0.070000,0.040132,0.110894
4,242.3000,0.065000,0.036409,0.104854
4,251.8000,0.060000,0.032742,0.098764
4,252.6000,0.055000,0.029137,0.092619
4,254.3000,0.050000,0.025603,0.086411
4,255.4000,0.045000,0.022148,0.080132
4,262.2000,0.040000,0.018784,0.073774
4,265.2000,0.035000,0.015527,0.067323
4,265.4000,0.030000,0.012398,0.060763
4,265.9000,0.025000,0.009425,0.054073
4,290.6000,0.020000,0.006651,0.047225
4,301.9000,0.015000,0.004139,0.040185
4,328.1000,0.010000,0.002004,0.032925
4,332.2000,0.005000,0.000470,0.025645
4,361.7000,0.000000,0.000000,0.000000
8,0.0000,1.000000,1.000000,1.000000
8,8.4000,0.995000,0.965041,0.999294
8,11.8000,0.990000,0.960611,0.997490
8,33.0000,0.985000,0.954220,0.995137
8,34.1000,0.980000,0.947594,0.992446
8,52.8000,0.975000,0.940985,0.989518
8,62.4000,0.970000,0.934447,0.986409
8,65.5000,0.965000,0.927990,0.983159
8,66.4000,0.960000,0.921611,0.979793
8,66.5000,0.955000,0.915305,0.976329
8,66.8000,0.950000,0.909066,0.972781
8,68.3000,0.935000,0.890691,0.961730
8,68.7000,0.930000,0.884664,0.957935
8,69.5000,0.925000,0.878680,0.954093
8,70.1000,0.920000,0.872735,0.950207
8,72.2000,0.915000,0.866827,0.946282
8,73.9000,0.910000,0.860953,0.942321
8,74.7000,0.905000,0.855112,0.938325
8,75.1000,0.900000,0.849300,0.934298
8,75.3000,0.895000,0.843517,0.930240
8,78.5000,0.890000,0.837760,0.926155
8,78.6000,0.885000,0.832029,0.922043
8,80.9000,0.880000,0.826321,0.917907
8,85.7000,0.875000,0.820637,0.913747
8,86.6000,0.870000,0.814975,0.909564
8,86.7000,0.865000,0.809333,0.905359
8,87.3000,0.860000,0.803711,0.901135
8,88.1000,0.855000,0.798109,0.896890
8,89.2000,0.850000,0.792524,0.892627
8,89.6000,0.845000,0.786958,0.888346
8,91.1000,0.840000,0.781409,0.884048
8,92.7000,0.835000,0.775876,0.879732
8,94.3000,0.830000,0.770358,0.875401
8,94.5000,0.825000,0.764857,0.871054
8,94.7000,0.820000,0.759370,0.866692
8,94.8000,0.815000,0.753897,0.862315
8,95.8000,0.810000,0.748439,0.857925
8,96.0000,0.805000,0.742994,0.853520
8,97.2000,0.800000,0.737563,0.849102
8,98.2000,0.795000,0.732144,0.844672
8,99.4000,0.785000,0.721344,0.835773
8,99.7000,0.780000,0.715962,0.831305
8,100.6000,0.775000,0.710592,0.826825
8,100.9000,0.770000,0.705233,0.822334
8,102.1000,0.765000,0.699886,0.817832
8,103.8000,0.760000,0.694549,0.813319
8,104.3000,0.755000,0.689223,0.808796
8,104.5000,0.750000,0.683908,0.804262
8,105.3000,0.745000,0.678602,0.799717
8,105.5000,0.735000,0.668022,0.790598
8,106.6000,0.730000,0.662747,0.786024
8,106.8000,0.725000,0.657481,0.781440
8,107.2000,0.720000,0.652225,0.776847
8,107.8000,0.715000,0.646978,0.772244
8,107.9000,0.705000,0.636512,0.763013
8,110.5000,0.700000,0.631292,0.758383
8,111.4000,0.690000,0.620878,0.749099
8,112.1000,0.685000,0.615684,0.744444
8,112.3000,0.680000,0.610499,0.739780
8,113.3000,0.675000,0.605322,0.735108
8,114.2000,0.670000,0.600153,0.730429
8,114.3000,0.665000,0.594993,0.725741
8,115.0000,0.660000,0.589840,0.721045
8,116.2000,0.655000,0.584696,0.716341
8,116.4000,0.650000,0.579559,0.711629
8,117.1000,0.645000,0.574430,0.706910
8,117.6000,0.640000,0.569309,0.702183
8,118.2000,0.635000,0.564196,0.697448
8,118.6000,0.630000,0.559090,0.692706
8,120.0000,0.625000,0.553992,0.687957
8,121.0000,0.620000,0.548902,0.683200
8,121.4000,0.615000,0.543819,0.678435
8,122.0000,0.610000,0.538743,0.673664
8,125.1000,0.605000,0.533675,0.668885
8,125.6000,0.600000,0.528614,0.664099
8,127.0000,0.595000,0.523560,0.659306
8,128.1000,0.590000,0.518514,0.654506
8,128.3000,0.585000,0.513475,0.649698
8,129.2000,0.580000,0.508443,0.644884
8,132.2000,0.575000,0.503418,0.640063
8,132.9000,0.570000,0.498400,0.635234
8,134.4000,0.565000,0.493389,0.630399
8,134.7000,0.560000,0.488386,0.625557
8,134.9000,0.555000,0.483389,0.620708
8,135.1000,0.550000,0.478400,0.615852
8,136.3000,0.545000,0.473417,0.610990
8,136.6000,0.540000,0.468441,0.606120
8,138.0000,0.535000,0.463473,0.601244
8,138.5000,0.530000,0.458511,0.596361
8,140.1000,0.525000,0.453556,0.591472
8,142.5000,0.520000,0.448608,0.586575
8,142.7000,0.515000,0.443667,0.581672
8,143.2000,0.505000,0.433806,0.571846
8,143.3000,0.500000,0.428886,0.566922
8,143.6000,0.495000,0.423973,0.561992
8,143.8000,0.490000,0.419066,0.557056
8,143.9000,0.485000,0.414167,0.552112
8,145.1000,0.480000,0.409274,0.547162
8,147.2000,0.475000,0.404389,0.542205
8,148.3000,0.470000,0.399510,0.537242
8,148.7000,0.460000,0.389774,0.527295
8,148.9000,0.455000,0.384916,0.522311
8,149.0000,0.450000,0.380065,0.517320
8,150.1000,0.445000,0.375222,0.512323
8,150.2000,0.440000,0.370385,0.507319
8,150.5000,0.435000,0.365556,0.502308
8,151.3000,0.430000,0.360733,0.497290
8,151.7000,0.425000,0.355918,0.492265
8,153.3000,0.420000,0.351110,0.487233
8,153.9000,0.415000,0.346310,0.482195
8,154.5000,0.410000,0.341516,0.477149
8,155.0000,0.405000,0.336730,0.472097
8,155.5000,0.400000,0.331951,0.467037
8,155.7000,0.395000,0.327180,0.461970
8,158.0000,0.390000,0.322416,0.456896
8,158.3000,0.385000,0.317659,0.451815
8,160.7000,0.380000,0.312910,0.446727
8,161.1000,0.375000,0.308169,0.441631
8,163.5000,0.370000,0.303435,0.436528
8,163.6000,0.365000,0.298710,0.431418
8,165.4000,0.360000,0.293991,0.426300
8,165.7000,0.355000,0.289281,0.421175
8,165.8000,0.350000,0.284579,0.416042
8,166.0000,0.345000,0.279885,0.410901
8,167.3000,0.340000,0.275199,0.405753
8,168.4000,0.335000,0.270521,0.400597
8,168.7000,0.330000,0.265851,0.395433
8,169.0000,0.325000,0.261190,0.390261
8,169.6000,0.320000,0.256538,0.385080
8,169.8000,0.315000,0.251893,0.379892
8,171.1000,0.310000,0.247258,0.374696
8,171.4000,0.305000,0.242632,0.369491
8,172.5000,0.300000,0.238014,0.364277
8,173.1000,0.295000,0.233405,0.359055
8,174.4000,0.290000,0.228806,0.353824
8,174.5000,0.285000,0.224216,0.348585
8,174.9000,0.280000,0.219636,0.343336
8,176.2000,0.275000,0.215065,0.338079
8,176.7000,0.265000,0.205953,0.327535
8,177.4000,0.260000,0.201412,0.322249
8,180.0000,0.255000,0.196882,0.316953
8,181.4000,0.250000,0.192362,0.311648
8,182.7000,0.245000,0.187853,0.306332
8,183.7000,0.240000,0.183355,0.301006
8,185.6000,0.235000,0.178868,0.295669
8,185.8000,0.230000,0.174393,0.290321
8,188.7000,0.225000,0.169929,0.284963
8,189.1000,0.220000,0.165477,0.279593
8,192.3000,0.215000,0.161038,0.274212
8,193.6000,0.210000,0.156611,0.268819
8,196.7000,0.205000,0.152197,0.263413
8,198.6000,0.200000,0.147797,0.257996
8,200.4000,0.195000,0.143410,0.252565
8,201.9000,0.190000,0.139037,0.247122
8,204.6000,0.185000,0.134678,0.241665
8,206.2000,0.180000,0.130335,0.236194
8,207.1000,0.175000,0.126007,0.230709
8,208.4000,0.170000,0.121695,0.225209
8,211.0000,0.165000,0.117399,0.219693
8,214.8000,0.160000,0.113120,0.214162
8,215.8000,0.155000,0.108859,0.208615
8,217.8000,0.150000,0.104616,0.203050
8,218.0000,0.145000,0.100393,0.197468
8,221.8000,0.140000,0.096189,0.191867
8,222.3000,0.135000,0.092006,0.186247
8,222.9000,0.130000,0.087845,0.180607
8,225.1000,0.125000,0.083707,0.174946
8,226.0000,0.120000,0.079593,0.169263
8,226.9000,0.115000,0.075503,0.163557
8,227.8000,0.110000,0.071441,0.157827
8,230.2000,0.105000,0.067407,0.152070
8,230.3000,0.100000,0.063402,0.146286
8,232.9000,0.095000,0.059429,0.140473
8,241.3000,0.090000,0.055491,0.134629
8,243.7000,0.085000,0.051589,0.128752
8,246.2000,0.080000,0.047726,0.122839
8,249.6000,0.075000,0.043906,0.116887
8,253.0000,0.070000,0.040132,0.110894
8,259.5000,0.065000,0.036409,0.104854
8,265.2000,0.060000,0.032742,0.098764
8,275.7000,0.055000,0.029137,0.092619
8,277.7000,0.050000,0.025603,0.086411
8,279.1000,0.045000,0.022148,0.080132
8,281.9000,0.040000,0.018784,0.073774
8,288.9000,0.035000,0.015527,0.067323
8,289.3000,0.030000,0.012398,0.060763
8,342.7000,0.025000,0.009425,0.054073
8,354.1000,0.020000,0.006651,0.047225
8,382.7000,0.015000,0.004139,0.040185
8,394.1000,0.010000,0.002004,0.032925
8,407.2000,0.005000,0.000470,0.025645
8,524.9000,0.000000,0.000000,0.000000
16,0.0000,1.000000,1.000000,1.000000
16,42.7000,0.995000,0.965041,0.999294
16,44.0000,0.990000,0.960611,0.997490
16,47.3000,0.985000,0.954220,0.995137
16,49.3000,0.980000,0.947594,0.992446
16,50.5000,0.975000,0.940985,0.989518
16,52.0000,0.970000,0.934447,0.986409
16,60.0000,0.965000,0.927990,0.983159
16,60.2000,0.960000,0.921611,0.979793
16,61.9000,0.955000,0.915305,0.976329
16,64.8000,0.950000,0.909066,0.972781
16,67.0000,0.945000,0.902887,0.969159
16,69.2000,0.940000,0.896764,0.965474
16,69.8000,0.935000,0.890691,0.961730
16,70.5000,0.930000,0.884664,0.957935
16,71.4000,0.925000,0.878680,0.954093
16,72.6000,0.920000,0.872735,0.950207
16,73.2000,0.915000,0.866827,0.946282
16,73.4000,0.905000,0.855112,0.938325
16,78.1000,0.900000,0.849300,0.934298
16,79.2000,0.895000,0.843517,0.930240
16,79.7000,0.890000,0.837760,0.926155
16,80.2000,0.885000,0.832029,0.922043
16,80.3000,0.880000,0.826321,0.917907
16,80.4000,0.875000,0.820637,0.913747
16,80.6000,0.870000,0.814975,0.909564
16,82.0000,0.865000,0.809333,0.905359
16,83.2000,0.860000,0.803711,0.901135
16,84.4000,0.855000,0.798109,0.896890
16,85.4000,0.850000,0.792524,0.892627
16,86.1000,0.845000,0.786958,0.888346
16,86.7000,0.840000,0.781409,0.884048
16,86.8000,0.835000,0.775876,0.879732
16,86.9000,0.830000,0.770358,0.875401
16,89.5000,0.825000,0.764857,0.871054
16,91.6000,0.820000,0.759370,0.866692
16,93.5000,0.815000,0.753897,0.862315
16,94.5000,0.810000,0.748439,0.857925
16,94.6000,0.805000,0.742994,0.853520
16,94.8000,0.800000,0.737563,0.849102
16,95.6000,0.795000,0.732144,0.844672
16,96.6000,0.790000,0.726738,0.840228
16,97.7000,0.780000,0.715962,0.831305
16,97.9000,0.775000,0.710592,0.826825
16,99.3000,0.770000,0.705233,0.822334
16,99.8000,0.765000,0.699886,0.817832
16,100.0000,0.760000,0.694549,0.813319
16,100.8000,0.755000,0.689223,0.808796
16,100.9000,0.750000,0.683908,0.804262
16,101.0000,0.745000,0.678602,0.799717
16,101.2000,0.740000,0.673307,0.795162
16,101.4000,0.735000,0.668022,0.790598
16,102.3000,0.730000,0.662747,0.786024
16,103.6000,0.720000,0.652225,0.776847
16,104.1000,0.710000,0.641740,0.767633
16,105.2000,0.705000,0.636512,0.763013
16,106.1000,0.700000,0.631292,0.758383
16,106.6000,0.695000,0.626081,0.753745
16,108.8000,0.690000,0.620878,0.749099
16,110.1000,0.685000,0.615684,0.744444
16,110.3000,0.680000,0.610499,0.739780
16,110.6000,0.675000,0.605322,0.735108
16,111.6000,0.670000,0.600153,0.730429
16,112.5000,0.665000,0.594993,0.725741
16,112.7000,0.660000,0.589840,0.721045
16,113.0000,0.650000,0.579559,0.711629
16,113.1000,0.645000,0.574430,0.706910
16,113.2000,0.640000,0.569309,0.702183
16,113.6000,0.635000,0.564196,0.697448
16,114.8000,0.625000,0.553992,0.687957
16,115.8000,0.620000,0.548902,0.683200
16,116.4000,0.615000,0.543819,0.678435
16,116.9000,0.610000,0.538743,0.673664
16,117.4000,0.605000,0.533675,0.668885
16,117.5000,0.600000,0.528614,0.664099
16,117.6000,0.595000,0.523560,0.659306
16,118.6000,0.590000,0.518514,0.654506
16,120.5000,0.585000,0.513475,0.649698
16,121.7000,0.580000,0.508443,0.644884
16,122.6000,0.575000,0.503418,0.640063
16,122.9000,0.570000,0.498400,0.635234
16,123.7000,0.565000,0.493389,0.630399
16,123.9000,0.560000,0.488386,0.625557
16,124.3000,0.555000,0.483389,0.620708
16,125.4000,0.550000,0.478400,0.615852
16,125.5000,0.545000,0.473417,0.610990
16,126.0000,0.540000,0.468441,0.606120
16,126.6000,0.535000,0.463473,0.601244
16,127.5000,0.530000,0.458511,0.596361
16,127.7000,0.525000,0.453556,0.591472
16,129.2000,0.520000,0.448608,0.586575
16,130.1000,0.515000,0.443667,0.581672
16,131.2000,0.510000,0.438733,0.576762
16,132.1000,0.505000,0.433806,0.571846
16,132.6000,0.500000,0.428886,0.566922
16,133.0000,0.495000,0.423973,0.561992
16,135.4000,0.490000,0.419066,0.557056
16,135.8000,0.480000,0.409274,0.547162
16,136.1000,0.475000,0.404389,0.542205
16,136.2000,0.470000,0.399510,0.537242
16,137.0000,0.465000,0.394638,0.532272
16,137.7000,0.460000,0.389774,0.527295
16,138.1000,0.450000,0.380065,0.517320
16,138.3000,0.445000,0.375222,0.512323
16,139.6000,0.440000,0.370385,0.507319
16,140.0000,0.435000,0.365556,0.502308
16,140.1000,0.430000,0.360733,0.497290
16,140.2000,0.425000,0.355918,0.492265
16,141.4000,0.420000,0.351110,0.487233
16,141.7000,0.415000,0.346310,0.482195
16,142.1000,0.410000,0.341516,0.477149
16,142.5000,0.405000,0.336730,0.472097
16,144.5000,0.400000,0.331951,0.467037
16,144.7000,0.395000,0.327180,0.461970
16,146.4000,0.390000,0.322416,0.456896
16,146.8000,0.385000,0.317659,0.451815
16,146.9000,0.380000,0.312910,0.446727
16,147.5000,0.375000,0.308169,0.441631
16,148.3000,0.370000,0.303435,0.436528
16,150.4000,0.365000,0.298710,0.431418
16,150.9000,0.360000,0.293991,0.426300
16,151.6000,0.355000,0.289281,0.421175
16,155.2000,0.350000,0.284579,0.416042
16,155.4000,0.345000,0.279885,0.410901
16,156.2000,0.340000,0.275199,0.405753
16,156.3000,0.335000,0.270521,0.400597
16,160.7000,0.330000,0.265851,0.395433
16,161.7000,0.325000,0.261190,0.390261
16,161.9000,0.320000,0.256538,0.385080
16,162.1000,0.315000,0.251893,0.379892
16,162.4000,0.310000,0.247258,0.374696
16,167.2000,0.305000,0.242632,0.369491
16,169.5000,0.300000,0.238014,0.364277
16,169.9000,0.295000,0.233405,0.359055
16,170.0000,0.290000,0.228806,0.353824
16,170.9000,0.285000,0.224216,0.348585
16,172.2000,0.280000,0.219636,0.343336
16,172.6000,0.275000,0.215065,0.338079
16,172.7000,0.270000,0.210504,0.332812
16,174.7000,0.265000,0.205953,0.327535
16,175.3000,0.260000,0.201412,0.322249
16,176.2000,0.255000,0.196882,0.316953
16,178.9000,0.250000,0.192362,0.311648
16,180.0000,0.245000,0.187853,0.306332
16,180.1000,0.235000,0.178868,0.295669
16,180.4000,0.230000,0.174393,0.290321
16,181.1000,0.225000,0.169929,0.284963
16,181.5000,0.220000,0.165477,0.279593
16,183.5000,0.215000,0.161038,0.274212
16,183.8000,0.210000,0.156611,0.268819
16,186.9000,0.205000,0.152197,0.263413
16,188.1000,0.200000,0.147797,0.257996
16,188.5000,0.195000,0.143410,0.252565
16,188.8000,0.190000,0.139037,0.247122
16,189.5000,0.185000,0.134678,0.241665
16,191.2000,0.180000,0.130335,0.236194
16,193.2000,0.175000,0.126007,0.230709
16,193.9000,0.170000,0.121695,0.225209
16,194.2000,0.165000,0.117399,0.219693
16,195.2000,0.160000,0.113120,0.214162
16,196.1000,0.155000,0.108859,0.208615
16,196.3000,0.150000,0.104616,0.203050
16,196.4000,0.145000,0.100393,0.197468
16,201.6000,0.140000,0.096189,0.191867
16,204.9000,0.135000,0.092006,0.186247
16,206.3000,0.130000,0.087845,0.180607
16,208.7000,0.125000,0.083707,0.174946
16,214.6000,0.120000,0.079593,0.169263
16,216.1000,0.115000,0.075503,0.163557
16,219.5000,0.110000,0.071441,0.157827
16,219.6000,0.105000,0.067407,0.152070
16,221.9000,0.100000,0.063402,0.146286
16,224.3000,0.095000,0.059429,0.140473
16,224.7000,0.090000,0.055491,0.134629
16,225.8000,0.085000,0.051589,0.128752
16,228.3000,0.080000,0.047726,0.122839
16,234.8000,0.075000,0.043906,0.116887
16,236.9000,0.070000,0.040132,0.110894
16,243.3000,0.065000,0.036409,0.104854
16,249.9000,0.060000,0.032742,0.098764
16,257.1000,0.055000,0.029137,0.092619
16,259.9000,0.050000,0.025603,0.086411
16,265.5000,0.045000,0.022148,0.080132
16,268.4000,0.040000,0.018784,0.073774
16,272.1000,0.035000,0.015527,0.067323
16,272.7000,0.030000,0.012398,0.060763
16,281.3000,0.025000,0.009425,0.054073
16,281.6000,0.020000,0.006651,0.047225
16,289.6000,0.015000,0.004139,0.040185
16,361.4000,0.010000,0.002004,0.032925
16,365.3000,0.005000,0.000470,0.025645
16,383.9000,0.000000,0.000000,0.000000
24,0.0000,1.000000,1.000000,1.000000
24,12.2000,0.995000,0.965041,0.999294
24,21.2000,0.990000,0.960611,0.997490
24,43.9000,0.985000,0.954220,0.995137
24,44.8000,0.980000,0.947594,0.992446
24,44.9000,0.975000,0.940985,0.989518
24,47.7000,0.970000,0.934447,0.986409
24,49.8000,0.965000,0.927990,0.983159
24,50.5000,0.960000,0.921611,0.979793
24,53.7000,0.955000,0.915305,0.976329
24,56.3000,0.950000,0.909066,0.972781
24,56.9000,0.945000,0.902887,0.969159
24,57.6000,0.940000,0.896764,0.965474
24,57.8000,0.935000,0.890691,0.961730
24,59.3000,0.930000,0.884664,0.957935
24,60.2000,0.925000,0.878680,0.954093
24,60.6000,0.920000,0.872735,0.950207
24,63.1000,0.910000,0.860953,0.942321
24,66.9000,0.905000,0.855112,0.938325
24,67.8000,0.900000,0.849300,0.934298
24,68.9000,0.895000,0.843517,0.930240
24,71.9000,0.890000,0.837760,0.926155
24,72.2000,0.885000,0.832029,0.922043
24,73.6000,0.880000,0.826321,0.917907
24,74.2000,0.875000,0.820637,0.913747
24,75.2000,0.870000,0.814975,0.909564
24,76.5000,0.865000,0.809333,0.905359
24,77.4000,0.860000,0.803711,0.901135
24,78.8000,0.855000,0.798109,0.896890
24,79.1000,0.850000,0.792524,0.892627
24,79.5000,0.845000,0.786958,0.888346
24,79.9000,0.840000,0.781409,0.884048
24,81.8000,0.835000,0.775876,0.879732
24,82.6000,0.830000,0.770358,0.875401
24,83.0000,0.825000,0.764857,0.871054
24,84.1000,0.820000,0.759370,0.866692
24,85.0000,0.815000,0.753897,0.862315
24,85.4000,0.810000,0.748439,0.857925
24,85.5000,0.805000,0.742994,0.853520
24,86.9000,0.800000,0.737563,0.849102
24,87.0000,0.795000,0.732144,0.844672
24,87.9000,0.790000,0.726738,0.840228
24,89.1000,0.785000,0.721344,0.835773
24,89.5000,0.780000,0.715962,0.831305
24,91.7000,0.775000,0.710592,0.826825
24,91.9000,0.770000,0.705233,0.822334
24,92.4000,0.765000,0.699886,0.817832
24,92.7000,0.760000,0.694549,0.813319
24,93.3000,0.755000,0.689223,0.808796
24,95.5000,0.750000,0.683908,0.804262
24,95.7000,0.745000,0.678602,0.799717
24,96.0000,0.740000,0.673307,0.795162
24,96.4000,0.735000,0.668022,0.790598
24,97.5000,0.730000,0.662747,0.786024
24,97.9000,0.725000,0.657481,0.781440
24,98.2000,0.715000,0.646978,0.772244
24,98.4000,0.710000,0.641740,0.767633
24,98.5000,0.700000,0.631292,0.758383
24,98.6000,0.695000,0.626081,0.753745
24,98.7000,0.690000,0.620878,0.749099
24,99.1000,0.685000,0.615684,0.744444
24,99.9000,0.680000,0.610499,0.739780
24,100.2000,0.675000,0.605322,0.735108
24,100.5000,0.670000,0.600153,0.730429
24,101.0000,0.660000,0.589840,0.721045
24,101.6000,0.655000,0.584696,0.716341
24,102.1000,0.650000,0.579559,0.711629
24,104.0000,0.645000,0.574430,0.706910
24,105.2000,0.640000,0.569309,0.702183
24,105.7000,0.635000,0.564196,0.697448
24,106.8000,0.630000,0.559090,0.692706
24,107.8000,0.625000,0.553992,0.687957
24,109.1000,0.620000,0.548902,0.683200
24,110.8000,0.615000,0.543819,0.678435
24,111.5000,0.610000,0.538743,0.673664
24,112.3000,0.605000,0.533675,0.668885
24,112.4000,0.600000,0.528614,0.664099
24,112.5000,0.595000,0.523560,0.659306
24,112.9000,0.585000,0.513475,0.649698
24,114.7000,0.575000,0.503418,0.640063
24,115.5000,0.570000,0.498400,0.635234
24,117.8000,0.565000,0.493389,0.630399
24,119.0000,0.560000,0.488386,0.625557
24,119.4000,0.555000,0.483389,0.620708
24,119.7000,0.550000,0.478400,0.615852
24,119.9000,0.545000,0.473417,0.610990
24,120.6000,0.540000,0.468441,0.606120
24,121.9000,0.535000,0.463473,0.601244
24,122.5000,0.530000,0.458511,0.596361
24,122.8000,0.525000,0.453556,0.591472
24,123.4000,0.520000,0.448608,0.586575
24,124.9000,0.515000,0.443667,0.581672
24,125.4000,0.505000,0.433806,0.571846
24,125.9000,0.500000,0.428886,0.566922
24,126.7000,0.495000,0.423973,0.561992
24,127.0000,0.490000,0.419066,0.557056
24,130.5000,0.485000,0.414167,0.552112
24,131.4000,0.480000,0.409274,0.547162
24,131.5000,0.475000,0.404389,0.542205
24,131.8000,0.470000,0.399510,0.537242
24,132.0000,0.465000,0.394638,0.532272
24,132.4000,0.460000,0.389774,0.527295
24,133.2000,0.455000,0.384916,0.522311
24,133.3000,0.450000,0.380065,0.517320
24,133.9000,0.445000,0.375222,0.512323
24,134.2000,0.440000,0.370385,0.507319
24,134.6000,0.435000,0.365556,0.502308
24,134.8000,0.430000,0.360733,0.497290
24,136.9000,0.425000,0.355918,0.492265
24,137.0000,0.420000,0.351110,0.487233
24,137.2000,0.415000,0.346310,0.482195
24,138.8000,0.410000,0.341516,0.477149
24,139.6000,0.405000,0.336730,0.472097
24,139.9000,0.400000,0.331951,0.467037
24,140.1000,0.395000,0.327180,0.461970
24,141.1000,0.390000,0.322416,0.456896
24,141.2000,0.385000,0.317659,0.451815
24,142.2000,0.380000,0.312910,0.446727
24,142.7000,0.375000,0.308169,0.441631
24,143.2000,0.370000,0.303435,0.436528
24,144.0000,0.360000,0.293991,0.426300
24,144.4000,0.355000,0.289281,0.421175
24,144.5000,0.350000,0.284579,0.416042
24,145.0000,0.345000,0.279885,0.410901
24,145.9000,0.340000,0.275199,0.405753
24,146.7000,0.335000,0.270521,0.400597
24,148.3000,0.330000,0.265851,0.395433
24,150.6000,0.325000,0.261190,0.390261
24,151.1000,0.320000,0.256538,0.385080
24,152.8000,0.315000,0.251893,0.379892
24,152.9000,0.310000,0.247258,0.374696
24,154.5000,0.305000,0.242632,0.369491
24,154.8000,0.295000,0.233405,0.359055
24,155.2000,0.290000,0.228806,0.353824
24,155.6000,0.285000,0.224216,0.348585
24,160.4000,0.275000,0.215065,0.338079
24,161.6000,0.270000,0.210504,0.332812
24,161.7000,0.265000,0.205953,0.327535
24,162.6000,0.260000,0.201412,0.322249
24,164.7000,0.255000,0.196882,0.316953
24,164.8000,0.250000,0.192362,0.311648
24,165.4000,0.245000,0.187853,0.306332
24,166.6000,0.240000,0.183355,0.301006
24,167.7000,0.230000,0.174393,0.290321
24,167.9000,0.225000,0.169929,0.284963
24,168.7000,0.220000,0.165477,0.279593
24,169.2000,0.215000,0.161038,0.274212
24,171.4000,0.210000,0.156611,0.268819
24,172.4000,0.205000,0.152197,0.263413
24,172.8000,0.200000,0.147797,0.257996
24,173.0000,0.195000,0.143410,0.252565
24,176.1000,0.190000,0.139037,0.247122
24,177.1000,0.185000,0.134678,0.241665
24,177.7000,0.180000,0.130335,0.236194
24,178.3000,0.175000,0.126007,0.230709
24,179.0000,0.170000,0.121695,0.225209
24,180.0000,0.165000,0.117399,0.219693
24,183.4000,0.160000,0.113120,0.214162
24,184.9000,0.155000,0.108859,0.208615
24,185.0000,0.150000,0.104616,0.203050
24,188.0000,0.145000,0.100393,0.197468
24,188.8000,0.140000,0.096189,0.191867
24,189.5000,0.135000,0.092006,0.186247
24,191.0000,0.130000,0.087845,0.180607
24,191.4000,0.125000,0.083707,0.174946
24,192.3000,0.120000,0.079593,0.169263
24,194.9000,0.115000,0.075503,0.163557
24,195.2000,0.110000,0.071441,0.157827
24,195.6000,0.105000,0.067407,0.152070
24,199.6000,0.100000,0.063402,0.146286
24,200.3000,0.095000,0.059429,0.140473
24,200.4000,0.090000,0.055491,0.134629
24,200.6000,0.085000,0.051589,0.128752
24,207.0000,0.080000,0.047726,0.122839
24,211.7000,0.075000,0.043906,0.116887
24,213.6000,0.070000,0.040132,0.110894
24,215.0000,0.065000,0.036409,0.104854
24,215.9000,0.055000,0.029137,0.092619
24,223.6000,0.050000,0.025603,0.086411
24,224.4000,0.045000,0.022148,0.080132
24,226.1000,0.040000,0.018784,0.073774
24,226.9000,0.035000,0.015527,0.067323
24,230.5000,0.030000,0.012398,0.060763
24,234.1000,0.025000,0.009425,0.054073
24,237.0000,0.020000,0.006651,0.047225
24,248.7000,0.015000,0.004139,0.040185
24,291.2000,0.010000,0.002004,0.032925
24,307.6000,0.005000,0.000470,0.025645
24,309.8000,0.000000,0.000000,0.000000
32,0.0000,1.000000,1.000000,1.000000
32,11.8000,0.995000,0.965041,0.999294
32,42.5000,0.990000,0.960611,0.997490
32,43.5000,0.985000,0.954220,0.995137
32,43.6000,0.980000,0.947594,0.992446
32,44.9000,0.975000,0.940985,0.989518
32,46.1000,0.970000,0.934447,0.986409
32,49.7000,0.965000,0.927990,0.983159
32,50.4000,0.960000,0.921611,0.979793
32,50.7000,0.955000,0.915305,0.976329
32,52.1000,0.950000,0.909066,0.972781
32,56.3000,0.945000,0.902887,0.969159
32,56.8000,0.935000,0.890691,0.961730
32,58.3000,0.930000,0.884664,0.957935
32,61.8000,0.925000,0.878680,0.954093
32,63.2000,0.920000,0.872735,0.950207
32,69.3000,0.915000,0.866827,0.946282
32,69.8000,0.910000,0.860953,0.942321
32,72.9000,0.905000,0.855112,0.938325
32,73.2000,0.900000,0.849300,0.934298
32,73.6000,0.895000,0.843517,0.930240
32,74.2000,0.890000,0.837760,0.926155
32,74.8000,0.885000,0.832029,0.922043
32,75.2000,0.880000,0.826321,0.917907
32,76.5000,0.875000,0.820637,0.913747
32,77.0000,0.870000,0.814975,0.909564
32,78.2000,0.860000,0.803711,0.901135
32,80.1000,0.855000,0.798109,0.896890
32,80.2000,0.850000,0.792524,0.892627
32,80.9000,0.845000,0.786958,0.888346
32,81.3000,0.840000,0.781409,0.884048
32,81.4000,0.835000,0.775876,0.879732
32,81.8000,0.830000,0.770358,0.875401
32,82.5000,0.825000,0.764857,0.871054
32,82.7000,0.820000,0.759370,0.866692
32,83.1000,0.815000,0.753897,0.862315
32,83.3000,0.810000,0.748439,0.857925
32,84.9000,0.805000,0.742994,0.853520
32,85.1000,0.800000,0.737563,0.849102
32,88.3000,0.795000,0.732144,0.844672
32,88.6000,0.790000,0.726738,0.840228
32,89.4000,0.780000,0.715962,0.831305
32,89.6000,0.775000,0.710592,0.826825
32,89.9000,0.770000,0.705233,0.822334
32,90.0000,0.765000,0.699886,0.817832
32,90.5000,0.760000,0.694549,0.813319
32,92.3000,0.755000,0.689223,0.808796
32,95.3000,0.750000,0.683908,0.804262
32,97.8000,0.745000,0.678602,0.799717
32,98.0000,0.740000,0.673307,0.795162
32,98.8000,0.735000,0.668022,0.790598
32,99.3000,0.725000,0.657481,0.781440
32,100.0000,0.720000,0.652225,0.776847
32,100.1000,0.715000,0.646978,0.772244
32,101.0000,0.710000,0.641740,0.767633
32,101.5000,0.705000,0.636512,0.763013
32,102.7000,0.700000,0.631292,0.758383
32,103.1000,0.695000,0.626081,0.753745
32,103.7000,0.690000,0.620878,0.749099
32,104.2000,0.685000,0.615684,0.744444
32,104.4000,0.680000,0.610499,0.739780
32,105.1000,0.675000,0.605322,0.735108
32,106.5000,0.670000,0.600153,0.730429
32,106.6000,0.665000,0.594993,0.725741
32,107.2000,0.660000,0.589840,0.721045
32,107.3000,0.655000,0.584696,0.716341
32,107.6000,0.650000,0.579559,0.711629
32,107.8000,0.645000,0.574430,0.706910
32,109.0000,0.640000,0.569309,0.702183
32,109.1000,0.635000,0.564196,0.697448
32,111.1000,0.630000,0.559090,0.692706
32,111.3000,0.625000,0.553992,0.687957
32,111.8000,0.620000,0.548902,0.683200
32,112.2000,0.610000,0.538743,0.673664
32,112.9000,0.605000,0.533675,0.668885
32,113.6000,0.600000,0.528614,0.664099
32,113.9000,0.595000,0.523560,0.659306
32,115.9000,0.590000,0.518514,0.654506
32,116.1000,0.585000,0.513475,0.649698
32,116.8000,0.580000,0.508443,0.644884
32,117.8000,0.570000,0.498400,0.635234
32,117.9000,0.565000,0.493389,0.630399
32,118.2000,0.560000,0.488386,0.625557
32,121.5000,0.555000,0.483389,0.620708
32,121.9000,0.550000,0.478400,0.615852
32,122.2000,0.545000,0.473417,0.610990
32,123.0000,0.540000,0.468441,0.606120
32,123.7000,0.535000,0.463473,0.601244
32,123.8000,0.530000,0.458511,0.596361
32,124.5000,0.525000,0.453556,0.591472
32,126.3000,0.520000,0.448608,0.586575
32,128.9000,0.510000,0.438733,0.576762
32,129.0000,0.505000,0.433806,0.571846
32,130.2000,0.500000,0.428886,0.566922
32,130.5000,0.495000,0.423973,0.561992
32,130.6000,0.490000,0.419066,0.557056
32,131.6000,0.485000,0.414167,0.552112
32,132.1000,0.475000,0.404389,0.542205
32,132.2000,0.465000,0.394638,0.532272
32,132.4000,0.460000,0.389774,0.527295
32,133.6000,0.455000,0.384916,0.522311
32,134.3000,0.450000,0.380065,0.517320
32,135.2000,0.445000,0.375222,0.512323
32,135.3000,0.440000,0.370385,0.507319
32,136.0000,0.435000,0.365556,0.502308
32,136.2000,0.430000,0.360733,0.497290
32,136.3000,0.425000,0.355918,0.492265
32,140.1000,0.420000,0.351110,0.487233
32,140.9000,0.415000,0.346310,0.482195
32,141.4000,0.410000,0.341516,0.477149
32,142.2000,0.405000,0.336730,0.472097
32,142.6000,0.400000,0.331951,0.467037
32,142.8000,0.395000,0.327180,0.461970
32,143.1000,0.390000,0.322416,0.456896
32,144.6000,0.385000,0.317659,0.451815
32,145.5000,0.380000,0.312910,0.446727
32,145.8000,0.370000,0.303435,0.436528
32,146.8000,0.365000,0.298710,0.431418
32,148.1000,0.360000,0.293991,0.426300
32,149.1000,0.355000,0.289281,0.421175
32,149.2000,0.345000,0.279885,0.410901
32,149.6000,0.340000,0.275199,0.405753
32,150.4000,0.335000,0.270521,0.400597
32,152.5000,0.330000,0.265851,0.395433
32,153.5000,0.325000,0.261190,0.390261
32,153.6000,0.320000,0.256538,0.385080
32,154.5000,0.315000,0.251893,0.379892
32,156.6000,0.310000,0.247258,0.374696
32,158.4000,0.305000,0.242632,0.369491
32,158.5000,0.300000,0.238014,0.364277
32,158.9000,0.295000,0.233405,0.359055
32,159.1000,0.290000,0.228806,0.353824
32,159.4000,0.285000,0.224216,0.348585
32,160.1000,0.280000,0.219636,0.343336
32,160.2000,0.275000,0.215065,0.338079
32,160.3000,0.270000,0.210504,0.332812
32,162.5000,0.265000,0.205953,0.327535
32,163.1000,0.260000,0.201412,0.322249
32,165.6000,0.255000,0.196882,0.316953
32,165.9000,0.250000,0.192362,0.311648
32,166.5000,0.245000,0.187853,0.306332
32,166.6000,0.240000,0.183355,0.301006
32,166.9000,0.235000,0.178868,0.295669
32,167.0000,0.230000,0.174393,0.290321
32,170.4000,0.225000,0.169929,0.284963
32,170.6000,0.220000,0.165477,0.279593
32,171.7000,0.215000,0.161038,0.274212
32,173.1000,0.210000,0.156611,0.268819
32,173.3000,0.205000,0.152197,0.263413
32,175.0000,0.200000,0.147797,0.257996
32,176.0000,0.195000,0.143410,0.252565
32,176.2000,0.190000,0.139037,0.247122
32,177.3000,0.185000,0.134678,0.241665
32,177.7000,0.180000,0.130335,0.236194
32,180.3000,0.175000,0.126007,0.230709
32,185.7000,0.170000,0.121695,0.225209
32,187.8000,0.165000,0.117399,0.219693
32,190.1000,0.160000,0.113120,0.214162
32,191.6000,0.155000,0.108859,0.208615
32,193.1000,0.150000,0.104616,0.203050
32,194.4000,0.145000,0.100393,0.197468
32,195.1000,0.140000,0.096189,0.191867
32,197.0000,0.135000,0.092006,0.186247
32,198.3000,0.130000,0.087845,0.180607
32,199.2000,0.125000,0.083707,0.174946
32,199.6000,0.120000,0.079593,0.169263
32,200.5000,0.115000,0.075503,0.163557
32,202.5000,0.110000,0.071441,0.157827
32,203.7000,0.105000,0.067407,0.152070
32,204.2000,0.100000,0.063402,0.146286
32,211.3000,0.095000,0.059429,0.140473
32,219.3000,0.090000,0.055491,0.134629
32,221.4000,0.085000,0.051589,0.128752
32,224.5000,0.080000,0.047726,0.122839
32,227.8000,0.075000,0.043906,0.116887
32,230.0000,0.070000,0.040132,0.110894
32,237.2000,0.065000,0.036409,0.104854
32,239.1000,0.060000,0.032742,0.098764
32,241.8000,0.055000,0.029137,0.092619
32,243.8000,0.050000,0.025603,0.086411
32,246.8000,0.045000,0.022148,0.080132
32,251.9000,0.040000,0.018784,0.073774
32,253.1000,0.035000,0.015527,0.067323
32,268.9000,0.030000,0.012398,0.060763
32,273.4000,0.025000,0.009425,0.054073
32,287.6000,0.020000,0.006651,0.047225
32,299.7000,0.015000,0.004139,0.040185
32,304.0000,0.010000,0.002004,0.032925
32,328.1000,0.005000,0.000470,0.025645
32,387.3000,0.000000,0.000000,0.000000
48,0.0000,1.000000,1.000000,1.000000
48,14.8000,0.995000,0.965041,0.999294
48,19.7000,0.990000,0.960611,0.997490
48,40.2000,0.985000,0.954220,0.995137
48,41.8000,0.980000,0.947594,0.992446
48,45.6000,0.975000,0.940985,0.989518
48,49.4000,0.970000,0.934447,0.986409
48,55.8000,0.960000,0.921611,0.979793
48,56.7000,0.955000,0.915305,0.976329
48,57.9000,0.950000,0.909066,0.972781
48,59.5000,0.945000,0.902887,0.969159
48,60.0000,0.940000,0.896764,0.965474
48,63.3000,0.935000,0.890691,0.961730
48,64.6000,0.930000,0.884664,0.957935
48,70.0000,0.925000,0.878680,0.954093
48,70.1000,0.920000,0.872735,0.950207
48,72.9000,0.915000,0.866827,0.946282
48,74.0000,0.910000,0.860953,0.942321
48,74.9000,0.905000,0.855112,0.938325
48,76.4000,0.900000,0.849300,0.934298
48,76.9000,0.895000,0.843517,0.930240
48,79.1000,0.890000,0.837760,0.926155
48,79.4000,0.885000,0.832029,0.922043
48,79.6000,0.880000,0.826321,0.917907
48,79.9000,0.875000,0.820637,0.913747
48,80.3000,0.870000,0.814975,0.909564
48,81.1000,0.865000,0.809333,0.905359
48,81.2000,0.860000,0.803711,0.901135
48,81.8000,0.855000,0.798109,0.896890
48,83.0000,0.850000,0.792524,0.892627
48,83.2000,0.845000,0.786958,0.888346
48,83.9000,0.840000,0.781409,0.884048
48,85.5000,0.835000,0.775876,0.879732
48,85.7000,0.830000,0.770358,0.875401
48,86.7000,0.825000,0.764857,0.871054
48,86.8000,0.820000,0.759370,0.866692
48,88.1000,0.815000,0.753897,0.862315
48,90.0000,0.810000,0.748439,0.857925
48,90.4000,0.805000,0.742994,0.853520
48,93.3000,0.800000,0.737563,0.849102
48,95.9000,0.795000,0.732144,0.844672
48,96.0000,0.790000,0.726738,0.840228
48,96.3000,0.785000,0.721344,0.835773
48,96.9000,0.780000,0.715962,0.831305
48,99.1000,0.775000,0.710592,0.826825
48,99.3000,0.770000,0.705233,0.822334
48,100.9000,0.765000,0.699886,0.817832
48,101.5000,0.760000,0.694549,0.813319
48,102.2000,0.755000,0.689223,0.808796
48,102.9000,0.750000,0.683908,0.804262
48,104.9000,0.745000,0.678602,0.799717
48,105.5000,0.740000,0.673307,0.795162
48,105.8000,0.735000,0.668022,0.790598
48,105.9000,0.730000,0.662747,0.786024
48,106.5000,0.725000,0.657481,0.781440
48,106.6000,0.720000,0.652225,0.776847
48,107.4000,0.715000,0.646978,0.772244
48,107.7000,0.710000,0.641740,0.767633
48,107.9000,0.705000,0.636512,0.763013
48,109.4000,0.700000,0.631292,0.758383
48,109.8000,0.695000,0.626081,0.753745
48,109.9000,0.690000,0.620878,0.749099
48,110.3000,0.685000,0.615684,0.744444
48,110.7000,0.680000,0.610499,0.739780
48,111.2000,0.675000,0.605322,0.735108
48,112.0000,0.660000,0.589840,0.721045
48,112.1000,0.655000,0.584696,0.716341
48,112.4000,0.650000,0.579559,0.711629
48,112.8000,0.645000,0.574430,0.706910
48,113.9000,0.640000,0.569309,0.702183
48,114.3000,0.635000,0.564196,0.697448
48,114.7000,0.630000,0.559090,0.692706
48,115.0000,0.625000,0.553992,0.687957
48,115.1000,0.620000,0.548902,0.683200
48,115.5000,0.610000,0.538743,0.673664
48,115.8000,0.605000,0.533675,0.668885
48,116.7000,0.600000,0.528614,0.664099
48,117.3000,0.595000,0.523560,0.659306
48,118.1000,0.590000,0.518514,0.654506
48,118.2000,0.585000,0.513475,0.649698
48,118.6000,0.580000,0.508443,0.644884
48,118.8000,0.575000,0.503418,0.640063
48,119.3000,0.570000,0.498400,0.635234
48,119.5000,0.565000,0.493389,0.630399
48,120.2000,0.560000,0.488386,0.625557
48,120.4000,0.555000,0.483389,0.620708
48,120.5000,0.550000,0.478400,0.615852
48,120.6000,0.545000,0.473417,0.610990
48,120.9000,0.540000,0.468441,0.606120
48,121.3000,0.535000,0.463473,0.601244
48,122.6000,0.530000,0.458511,0.596361
48,122.8000,0.525000,0.453556,0.591472
48,123.2000,0.520000,0.448608,0.586575
48,123.6000,0.515000,0.443667,0.581672
48,123.9000,0.510000,0.438733,0.576762
48,124.5000,0.505000,0.433806,0.571846
48,125.2000,0.500000,0.428886,0.566922
48,125.9000,0.495000,0.423973,0.561992
48,126.4000,0.490000,0.419066,0.557056
48,126.6000,0.480000,0.409274,0.547162
48,126.7000,0.475000,0.404389,0.542205
48,128.9000,0.470000,0.399510,0.537242
48,130.1000,0.465000,0.394638,0.532272
48,130.6000,0.460000,0.389774,0.527295
48,132.5000,0.455000,0.384916,0.522311
48,133.0000,0.450000,0.380065,0.517320
48,133.2000,0.445000,0.375222,0.512323
48,134.5000,0.440000,0.370385,0.507319
48,134.9000,0.435000,0.365556,0.502308
48,135.1000,0.430000,0.360733,0.497290
48,135.4000,0.425000,0.355918,0.492265
48,135.6000,0.420000,0.351110,0.487233
48,136.6000,0.415000,0.346310,0.482195
48,137.0000,0.410000,0.341516,0.477149
48,138.2000,0.405000,0.336730,0.472097
48,138.3000,0.400000,0.331951,0.467037
48,139.4000,0.390000,0.322416,0.456896
48,140.2000,0.385000,0.317659,0.451815
48,141.2000,0.380000,0.312910,0.446727
48,141.7000,0.375000,0.308169,0.441631
48,142.2000,0.370000,0.303435,0.436528
48,142.8000,0.365000,0.298710,0.431418
48,142.9000,0.360000,0.293991,0.426300
48,143.2000,0.355000,0.289281,0.421175
48,144.0000,0.350000,0.284579,0.416042
48,144.1000,0.345000,0.279885,0.410901
48,144.8000,0.340000,0.275199,0.405753
48,145.6000,0.335000,0.270521,0.400597
48,148.7000,0.330000,0.265851,0.395433
48,148.8000,0.325000,0.261190,0.390261
48,149.4000,0.320000,0.256538,0.385080
48,149.5000,0.315000,0.251893,0.379892
48,150.6000,0.310000,0.247258,0.374696
48,152.9000,0.305000,0.242632,0.369491
48,155.2000,0.300000,0.238014,0.364277
48,156.3000,0.295000,0.233405,0.359055
48,156.5000,0.290000,0.228806,0.353824
48,158.1000,0.285000,0.224216,0.348585
48,158.6000,0.280000,0.219636,0.343336
48,160.0000,0.275000,0.215065,0.338079
48,161.9000,0.270000,0.210504,0.332812
48,162.0000,0.265000,0.205953,0.327535
48,162.7000,0.260000,0.201412,0.322249
48,163.7000,0.255000,0.196882,0.316953
48,164.6000,0.250000,0.192362,0.311648
48,165.2000,0.245000,0.187853,0.306332
48,168.5000,0.240000,0.183355,0.301006
48,171.3000,0.235000,0.178868,0.295669
48,172.1000,0.230000,0.174393,0.290321
48,172.3000,0.225000,0.169929,0.284963
48,174.8000,0.220000,0.165477,0.279593
48,175.4000,0.215000,0.161038,0.274212
48,183.5000,0.210000,0.156611,0.268819
48,185.3000,0.205000,0.152197,0.263413
48,185.9000,0.200000,0.147797,0.257996
48,186.0000,0.195000,0.143410,0.252565
48,187.1000,0.190000,0.139037,0.247122
48,187.6000,0.185000,0.134678,0.241665
48,188.0000,0.180000,0.130335,0.236194
48,190.3000,0.175000,0.126007,0.230709
48,193.3000,0.170000,0.121695,0.225209
48,194.4000,0.165000,0.117399,0.219693
48,195.0000,0.160000,0.113120,0.214162
48,196.3000,0.155000,0.108859,0.208615
48,199.3000,0.150000,0.104616,0.203050
48,201.5000,0.145000,0.100393,0.197468
48,204.9000,0.140000,0.096189,0.191867
48,205.8000,0.135000,0.092006,0.186247
48,209.5000,0.130000,0.087845,0.180607
48,210.9000,0.125000,0.083707,0.174946
48,212.1000,0.120000,0.079593,0.169263
48,213.4000,0.115000,0.075503,0.163557
48,213.5000,0.110000,0.071441,0.157827
48,213.9000,0.105000,0.067407,0.152070
48,214.7000,0.100000,0.063402,0.146286
48,216.1000,0.095000,0.059429,0.140473
48,216.7000,0.090000,0.055491,0.134629
48,216.8000,0.085000,0.051589,0.128752
48,217.7000,0.080000,0.047726,0.122839
48,221.1000,0.075000,0.043906,0.116887
48,221.8000,0.070000,0.040132,0.110894
48,223.7000,0.065000,0.036409,0.104854
48,226.4000,0.060000,0.032742,0.098764
48,226.5000,0.055000,0.029137,0.092619
48,228.4000,0.045000,0.022148,0.080132
48,231.4000,0.040000,0.018784,0.073774
48,238.4000,0.035000,0.015527,0.067323
48,248.9000,0.030000,0.012398,0.060763
48,250.8000,0.025000,0.009425,0.054073
48,263.2000,0.020000,0.006651,0.047225
48,268.8000,0.015000,0.004139,0.040185
48,284.6000,0.010000,0.002004,0.032925
48,286.3000,0.005000,0.000470,0.025645
48,299.1000,0.000000,0.000000,0.000000
64,0.0000,1.000000,1.000000,1.000000
64,11.4000,0.995000,0.965041,0.999294
64,12.2000,0.990000,0.960611,0.997490
64,58.7000,0.985000,0.954220,0.995137
64,68.5000,0.980000,0.947594,0.992446
64,68.6000,0.975000,0.940985,0.989518
64,68.8000,0.970000,0.934447,0.986409
64,72.6000,0.965000,0.927990,0.983159
64,75.5000,0.960000,0.921611,0.979793
64,77.0000,0.955000,0.915305,0.976329
64,77.7000,0.945000,0.902887,0.969159
64,78.0000,0.940000,0.896764,0.965474
64,79.9000,0.935000,0.890691,0.961730
64,80.6000,0.930000,0.884664,0.957935
64,81.7000,0.925000,0.878680,0.954093
64,81.8000,0.920000,0.872735,0.950207
64,82.0000,0.915000,0.866827,0.946282
64,82.2000,0.910000,0.860953,0.942321
64,82.5000,0.905000,0.855112,0.938325
64,82.8000,0.900000,0.849300,0.934298
64,83.7000,0.895000,0.843517,0.930240
64,84.9000,0.890000,0.837760,0.926155
64,85.2000,0.885000,0.832029,0.922043
64,85.9000,0.880000,0.826321,0.917907
64,88.3000,0.870000,0.814975,0.909564
64,88.5000,0.865000,0.809333,0.905359
64,88.6000,0.860000,0.803711,0.901135
64,88.9000,0.855000,0.798109,0.896890
64,89.3000,0.850000,0.792524,0.892627
64,91.1000,0.845000,0.786958,0.888346
64,91.2000,0.840000,0.781409,0.884048
64,91.5000,0.835000,0.775876,0.879732
64,92.3000,0.830000,0.770358,0.875401
64,92.8000,0.825000,0.764857,0.871054
64,93.1000,0.820000,0.759370,0.866692
64,94.2000,0.815000,0.753897,0.862315
64,95.0000,0.810000,0.748439,0.857925
64,96.3000,0.805000,0.742994,0.853520
64,97.6000,0.800000,0.737563,0.849102
64,97.7000,0.795000,0.732144,0.844672
64,98.0000,0.790000,0.726738,0.840228
64,98.1000,0.785000,0.721344,0.835773
64,98.6000,0.780000,0.715962,0.831305
64,99.1000,0.775000,0.710592,0.826825
64,102.1000,0.770000,0.705233,0.822334
64,102.7000,0.765000,0.699886,0.817832
64,103.2000,0.760000,0.694549,0.813319
64,104.1000,0.755000,0.689223,0.808796
64,104.4000,0.750000,0.683908,0.804262
64,104.7000,0.745000,0.678602,0.799717
64,104.8000,0.740000,0.673307,0.795162
64,105.0000,0.735000,0.668022,0.790598
64,105.2000,0.730000,0.662747,0.786024
64,105.4000,0.725000,0.657481,0.781440
64,105.7000,0.715000,0.646978,0.772244
64,106.3000,0.710000,0.641740,0.767633
64,106.4000,0.705000,0.636512,0.763013
64,106.8000,0.700000,0.631292,0.758383
64,106.9000,0.695000,0.626081,0.753745
64,107.4000,0.690000,0.620878,0.749099
64,107.6000,0.685000,0.615684,0.744444
64,107.7000,0.680000,0.610499,0.739780
64,107.9000,0.665000,0.594993,0.725741
64,108.0000,0.660000,0.589840,0.721045
64,109.3000,0.650000,0.579559,0.711629
64,109.4000,0.645000,0.574430,0.706910
64,109.6000,0.635000,0.564196,0.697448
64,109.7000,0.630000,0.559090,0.692706
64,110.4000,0.625000,0.553992,0.687957
64,111.4000,0.620000,0.548902,0.683200
64,111.8000,0.615000,0.543819,0.678435
64,112.3000,0.610000,0.538743,0.673664
64,114.2000,0.605000,0.533675,0.668885
64,114.3000,0.600000,0.528614,0.664099
64,114.9000,0.595000,0.523560,0.659306
64,115.0000,0.590000,0.518514,0.654506
64,115.2000,0.585000,0.513475,0.649698
64,116.4000,0.580000,0.508443,0.644884
64,116.8000,0.575000,0.503418,0.640063
64,117.3000,0.570000,0.498400,0.635234
64,118.7000,0.565000,0.493389,0.630399
64,121.0000,0.560000,0.488386,0.625557
64,121.1000,0.555000,0.483389,0.620708
64,122.5000,0.550000,0.478400,0.615852
64,123.0000,0.545000,0.473417,0.610990
64,124.1000,0.540000,0.468441,0.606120
64,124.2000,0.525000,0.453556,0.591472
64,125.0000,0.520000,0.448608,0.586575
64,125.6000,0.515000,0.443667,0.581672
64,126.0000,0.510000,0.438733,0.576762
64,126.1000,0.505000,0.433806,0.571846
64,126.9000,0.500000,0.428886,0.566922
64,127.0000,0.495000,0.423973,0.561992
64,127.1000,0.490000,0.419066,0.557056
64,127.4000,0.485000,0.414167,0.552112
64,127.6000,0.480000,0.409274,0.547162
64,128.1000,0.475000,0.404389,0.542205
64,128.2000,0.470000,0.399510,0.537242
64,128.6000,0.465000,0.394638,0.532272
64,128.9000,0.460000,0.389774,0.527295
64,129.6000,0.455000,0.384916,0.522311
64,130.1000,0.450000,0.380065,0.517320
64,131.2000,0.445000,0.375222,0.512323
64,132.6000,0.440000,0.370385,0.507319
64,134.0000,0.430000,0.360733,0.497290
64,134.4000,0.420000,0.351110,0.487233
64,134.6000,0.415000,0.346310,0.482195
64,135.1000,0.410000,0.341516,0.477149
64,136.2000,0.405000,0.336730,0.472097
64,141.0000,0.400000,0.331951,0.467037
64,141.1000,0.395000,0.327180,0.461970
64,141.7000,0.390000,0.322416,0.456896
64,142.0000,0.385000,0.317659,0.451815
64,142.1000,0.380000,0.312910,0.446727
64,142.2000,0.375000,0.308169,0.441631
64,143.5000,0.370000,0.303435,0.436528
64,143.6000,0.365000,0.298710,0.431418
64,146.9000,0.360000,0.293991,0.426300
64,147.0000,0.355000,0.289281,0.421175
64,147.2000,0.350000,0.284579,0.416042
64,148.7000,0.345000,0.279885,0.410901
64,150.2000,0.340000,0.275199,0.405753
64,151.4000,0.335000,0.270521,0.400597
64,153.7000,0.330000,0.265851,0.395433
64,154.5000,0.325000,0.261190,0.390261
64,155.1000,0.320000,0.256538,0.385080
64,155.8000,0.315000,0.251893,0.379892
64,156.0000,0.310000,0.247258,0.374696
64,156.9000,0.305000,0.242632,0.369491
64,158.0000,0.300000,0.238014,0.364277
64,158.3000,0.295000,0.233405,0.359055
64,159.9000,0.290000,0.228806,0.353824
64,160.0000,0.285000,0.224216,0.348585
64,161.3000,0.280000,0.219636,0.343336
64,163.0000,0.275000,0.215065,0.338079
64,163.1000,0.270000,0.210504,0.332812
64,163.8000,0.265000,0.205953,0.327535
64,164.0000,0.255000,0.196882,0.316953
64,164.2000,0.250000,0.192362,0.311648
64,164.7000,0.245000,0.187853,0.306332
64,165.6000,0.240000,0.183355,0.301006
64,166.2000,0.235000,0.178868,0.295669
64,166.3000,0.230000,0.174393,0.290321
64,166.9000,0.225000,0.169929,0.284963
64,167.2000,0.220000,0.165477,0.279593
64,171.1000,0.215000,0.161038,0.274212
64,171.2000,0.210000,0.156611,0.268819
64,174.6000,0.205000,0.152197,0.263413
64,175.6000,0.200000,0.147797,0.257996
64,176.4000,0.195000,0.143410,0.252565
64,176.9000,0.190000,0.139037,0.247122
64,177.4000,0.185000,0.134678,0.241665
64,178.3000,0.180000,0.130335,0.236194
64,178.4000,0.175000,0.126007,0.230709
64,180.5000,0.170000,0.121695,0.225209
64,183.5000,0.165000,0.117399,0.219693
64,185.1000,0.160000,0.113120,0.214162
64,187.0000,0.155000,0.108859,0.208615
64,187.1000,0.150000,0.104616,0.203050
64,187.3000,0.145000,0.100393,0.197468
64,189.4000,0.140000,0.096189,0.191867
64,191.0000,0.135000,0.092006,0.186247
64,191.7000,0.130000,0.087845,0.180607
64,192.2000,0.125000,0.083707,0.174946
64,193.4000,0.120000,0.079593,0.169263
64,195.4000,0.115000,0.075503,0.163557
64,196.6000,0.110000,0.071441,0.157827
64,197.6000,0.105000,0.067407,0.152070
64,198.6000,0.095000,0.059429,0.140473
64,202.2000,0.090000,0.055491,0.134629
64,203.5000,0.085000,0.051589,0.128752
64,206.7000,0.080000,0.047726,0.122839
64,207.3000,0.075000,0.043906,0.116887
64,207.4000,0.070000,0.040132,0.110894
64,207.8000,0.065000,0.036409,0.104854
64,210.9000,0.060000,0.032742,0.098764
64,212.0000,0.055000,0.029137,0.092619
64,212.9000,0.050000,0.025603,0.086411
64,214.3000,0.045000,0.022148,0.080132
64,219.6000,0.040000,0.018784,0.073774
64,221.1000,0.035000,0.015527,0.067323
64,221.5000,0.030000,0.012398,0.060763
64,225.4000,0.025000,0.009425,0.054073
64,227.6000,0.020000,0.006651,0.047225
64,238.7000,0.015000,0.004139,0.040185
64,240.5000,0.010000,0.002004,0.032925
64,243.7000,0.005000,0.000470,0.025645
64,350.7000,0.000000,0.000000,0.000000
256,0.0000,1.000000,1.000000,1.000000
256,77.8000,0.995000,0.965041,0.999294
256,77.9000,0.990000,0.960611,0.997490
256,78.9000,0.985000,0.954220,0.995137
256,79.6000,0.980000,0.947594,0.992446
256,79.8000,0.975000,0.940985,0.989518
256,81.4000,0.965000,0.927990,0.983159
256,81.6000,0.960000,0.921611,0.979793
256,82.4000,0.955000,0.915305,0.976329
256,83.1000,0.950000,0.909066,0.972781
256,85.7000,0.945000,0.902887,0.969159
256,85.9000,0.940000,0.896764,0.965474
256,89.2000,0.935000,0.890691,0.961730
256,90.4000,0.930000,0.884664,0.957935
256,94.4000,0.925000,0.878680,0.954093
256,100.0000,0.920000,0.872735,0.950207
256,100.3000,0.915000,0.866827,0.946282
256,100.6000,0.905000,0.855112,0.938325
256,101.5000,0.900000,0.849300,0.934298
256,101.9000,0.895000,0.843517,0.930240
256,102.0000,0.890000,0.837760,0.926155
256,102.1000,0.880000,0.826321,0.917907
256,102.9000,0.875000,0.820637,0.913747
256,103.4000,0.870000,0.814975,0.909564
256,103.5000,0.860000,0.803711,0.901135
256,103.6000,0.855000,0.798109,0.896890
256,103.8000,0.850000,0.792524,0.892627
256,103.9000,0.845000,0.786958,0.888346
256,104.1000,0.840000,0.781409,0.884048
256,104.2000,0.835000,0.775876,0.879732
256,104.3000,0.830000,0.770358,0.875401
256,104.5000,0.825000,0.764857,0.871054
256,105.1000,0.820000,0.759370,0.866692
256,105.3000,0.815000,0.753897,0.862315
256,105.4000,0.810000,0.748439,0.857925
256,105.6000,0.805000,0.742994,0.853520
256,105.7000,0.800000,0.737563,0.849102
256,106.1000,0.795000,0.732144,0.844672
256,106.2000,0.790000,0.726738,0.840228
256,106.3000,0.785000,0.721344,0.835773
256,106.5000,0.780000,0.715962,0.831305
256,106.8000,0.775000,0.710592,0.826825
256,106.9000,0.770000,0.705233,0.822334
256,107.3000,0.765000,0.699886,0.817832
256,107.5000,0.760000,0.694549,0.813319
256,108.0000,0.755000,0.689223,0.808796
256,108.4000,0.750000,0.683908,0.804262
256,109.4000,0.745000,0.678602,0.799717
256,109.9000,0.740000,0.673307,0.795162
256,110.3000,0.735000,0.668022,0.790598
256,110.4000,0.730000,0.662747,0.786024
256,110.5000,0.725000,0.657481,0.781440
256,111.1000,0.720000,0.652225,0.776847
256,111.7000,0.715000,0.646978,0.772244
256,111.8000,0.710000,0.641740,0.767633
256,112.0000,0.705000,0.636512,0.763013
256,112.4000,0.695000,0.626081,0.753745
256,112.8000,0.685000,0.615684,0.744444
256,113.1000,0.680000,0.610499,0.739780
256,113.6000,0.670000,0.600153,0.730429
256,113.8000,0.665000,0.594993,0.725741
256,113.9000,0.660000,0.589840,0.721045
256,114.0000,0.655000,0.584696,0.716341
256,115.2000,0.650000,0.579559,0.711629
256,115.4000,0.645000,0.574430,0.706910
256,115.6000,0.640000,0.569309,0.702183
256,116.0000,0.635000,0.564196,0.697448
256,116.2000,0.630000,0.559090,0.692706
256,116.3000,0.625000,0.553992,0.687957
256,117.0000,0.620000,0.548902,0.683200
256,117.8000,0.615000,0.543819,0.678435
256,118.1000,0.610000,0.538743,0.673664
256,120.2000,0.605000,0.533675,0.668885
256,120.3000,0.595000,0.523560,0.659306
256,120.8000,0.590000,0.518514,0.654506
256,121.1000,0.585000,0.513475,0.649698
256,121.5000,0.580000,0.508443,0.644884
256,121.8000,0.575000,0.503418,0.640063
256,122.1000,0.570000,0.498400,0.635234
256,122.3000,0.565000,0.493389,0.630399
256,122.5000,0.555000,0.483389,0.620708
256,123.0000,0.550000,0.478400,0.615852
256,123.1000,0.545000,0.473417,0.610990
256,123.2000,0.535000,0.463473,0.601244
256,124.0000,0.530000,0.458511,0.596361
256,124.4000,0.525000,0.453556,0.591472
256,125.1000,0.520000,0.448608,0.586575
256,125.3000,0.515000,0.443667,0.581672
256,125.6000,0.510000,0.438733,0.576762
256,125.8000,0.505000,0.433806,0.571846
256,125.9000,0.500000,0.428886,0.566922
256,126.3000,0.495000,0.423973,0.561992
256,127.4000,0.490000,0.419066,0.557056
256,127.6000,0.485000,0.414167,0.552112
256,127.8000,0.480000,0.409274,0.547162
256,128.0000,0.475000,0.404389,0.542205
256,128.3000,0.470000,0.399510,0.537242
256,128.5000,0.465000,0.394638,0.532272
256,129.1000,0.460000,0.389774,0.527295
256,129.4000,0.455000,0.384916,0.522311
256,129.5000,0.450000,0.380065,0.517320
256,129.6000,0.440000,0.370385,0.507319
256,130.8000,0.435000,0.365556,0.502308
256,131.2000,0.430000,0.360733,0.497290
256,132.6000,0.425000,0.355918,0.492265
256,133.4000,0.420000,0.351110,0.487233
256,133.6000,0.415000,0.346310,0.482195
256,134.0000,0.410000,0.341516,0.477149
256,134.8000,0.405000,0.336730,0.472097
256,135.4000,0.400000,0.331951,0.467037
256,137.0000,0.395000,0.327180,0.461970
256,137.6000,0.390000,0.322416,0.456896
256,138.2000,0.385000,0.317659,0.451815
256,138.7000,0.380000,0.312910,0.446727
256,138.8000,0.370000,0.303435,0.436528
256,139.4000,0.360000,0.293991,0.426300
256,140.1000,0.355000,0.289281,0.421175
256,140.4000,0.350000,0.284579,0.416042
256,140.6000,0.345000,0.279885,0.410901
256,141.6000,0.340000,0.275199,0.405753
256,142.3000,0.335000,0.270521,0.400597
256,142.6000,0.330000,0.265851,0.395433
256,143.7000,0.325000,0.261190,0.390261
256,144.0000,0.320000,0.256538,0.385080
256,144.6000,0.315000,0.251893,0.379892
256,145.6000,0.310000,0.247258,0.374696
256,146.8000,0.305000,0.242632,0.369491
256,147.4000,0.300000,0.238014,0.364277
256,148.2000,0.295000,0.233405,0.359055
256,148.4000,0.290000,0.228806,0.353824
256,148.5000,0.285000,0.224216,0.348585
256,148.8000,0.280000,0.219636,0.343336
256,149.1000,0.275000,0.215065,0.338079
256,149.2000,0.270000,0.210504,0.332812
256,149.7000,0.265000,0.205953,0.327535
256,150.6000,0.260000,0.201412,0.322249
256,150.8000,0.255000,0.196882,0.316953
256,152.2000,0.250000,0.192362,0.311648
256,152.7000,0.245000,0.187853,0.306332
256,154.6000,0.240000,0.183355,0.301006
256,155.9000,0.235000,0.178868,0.295669
256,157.0000,0.230000,0.174393,0.290321
256,157.4000,0.225000,0.169929,0.284963
256,157.7000,0.220000,0.165477,0.279593
256,158.3000,0.215000,0.161038,0.274212
256,158.8000,0.210000,0.156611,0.268819
256,160.0000,0.205000,0.152197,0.263413
256,162.0000,0.200000,0.147797,0.257996
256,163.6000,0.195000,0.143410,0.252565
256,164.9000,0.190000,0.139037,0.247122
256,166.9000,0.185000,0.134678,0.241665
256,167.7000,0.180000,0.130335,0.236194
256,170.1000,0.175000,0.126007,0.230709
256,170.4000,0.170000,0.121695,0.225209
256,170.9000,0.165000,0.117399,0.219693
256,173.4000,0.160000,0.113120,0.214162
256,174.1000,0.145000,0.100393,0.197468
256,174.5000,0.140000,0.096189,0.191867
256,177.6000,0.135000,0.092006,0.186247
256,179.0000,0.130000,0.087845,0.180607
256,179.5000,0.125000,0.083707,0.174946
256,182.3000,0.120000,0.079593,0.169263
256,182.7000,0.115000,0.075503,0.163557
256,185.2000,0.110000,0.071441,0.157827
256,185.3000,0.105000,0.067407,0.152070
256,185.6000,0.100000,0.063402,0.146286
256,185.7000,0.095000,0.059429,0.140473
256,186.6000,0.090000,0.055491,0.134629
256,190.5000,0.085000,0.051589,0.128752
256,190.6000,0.080000,0.047726,0.122839
256,190.7000,0.070000,0.040132,0.110894
256,191.1000,0.065000,0.036409,0.104854
256,192.3000,0.060000,0.032742,0.098764
256,198.3000,0.055000,0.029137,0.092619
256,198.5000,0.050000,0.025603,0.086411
256,201.8000,0.045000,0.022148,0.080132
256,206.9000,0.040000,0.018784,0.073774
256,209.1000,0.035000,0.015527,0.067323
256,211.0000,0.030000,0.012398,0.060763
256,211.2000,0.025000,0.009425,0.054073
256,211.4000,0.020000,0.006651,0.047225
256,212.5000,0.015000,0.004139,0.040185
256,217.3000,0.010000,0.002004,0.032925
256,221.4000,0.005000,0.000470,0.025645
256,232.7000,0.000000,0.000000,0.000000
512,0.0000,1.000000,1.000000,1.000000
512,79.0000,0.995000,0.965041,0.999294
512,79.2000,0.990000,0.960611,0.997490
512,82.8000,0.985000,0.954220,0.995137
512,84.6000,0.980000,0.947594,0.992446
512,88.8000,0.975000,0.940985,0.989518
512,100.9000,0.970000,0.934447,0.986409
512,101.2000,0.965000,0.927990,0.983159
512,101.4000,0.960000,0.921611,0.979793
512,101.6000,0.955000,0.915305,0.976329
512,101.8000,0.950000,0.909066,0.972781
512,102.0000,0.945000,0.902887,0.969159
512,102.1000,0.935000,0.890691,0.961730
512,102.2000,0.925000,0.878680,0.954093
512,102.3000,0.915000,0.866827,0.946282
512,102.4000,0.910000,0.860953,0.942321
512,102.7000,0.905000,0.855112,0.938325
512,102.8000,0.900000,0.849300,0.934298
512,103.1000,0.890000,0.837760,0.926155
512,103.3000,0.885000,0.832029,0.922043
512,103.6000,0.875000,0.820637,0.913747
512,103.9000,0.870000,0.814975,0.909564
512,104.0000,0.865000,0.809333,0.905359
512,104.1000,0.860000,0.803711,0.901135
512,104.3000,0.855000,0.798109,0.896890
512,104.4000,0.850000,0.792524,0.892627
512,104.5000,0.840000,0.781409,0.884048
512,104.6000,0.830000,0.770358,0.875401
512,104.8000,0.825000,0.764857,0.871054
512,104.9000,0.820000,0.759370,0.866692
512,105.0000,0.815000,0.753897,0.862315
512,105.2000,0.810000,0.748439,0.857925
512,105.4000,0.805000,0.742994,0.853520
512,105.5000,0.800000,0.737563,0.849102
512,105.6000,0.795000,0.732144,0.844672
512,105.7000,0.790000,0.726738,0.840228
512,106.3000,0.785000,0.721344,0.835773
512,106.5000,0.775000,0.710592,0.826825
512,106.6000,0.770000,0.705233,0.822334
512,106.7000,0.765000,0.699886,0.817832
512,106.9000,0.760000,0.694549,0.813319
512,107.1000,0.755000,0.689223,0.808796
512,107.2000,0.750000,0.683908,0.804262
512,107.7000,0.745000,0.678602,0.799717
512,107.9000,0.740000,0.673307,0.795162
512,108.0000,0.730000,0.662747,0.786024
512,108.2000,0.725000,0.657481,0.781440
512,108.3000,0.715000,0.646978,0.772244
512,109.0000,0.705000,0.636512,0.763013
512,109.1000,0.700000,0.631292,0.758383
512,109.4000,0.695000,0.626081,0.753745
512,109.6000,0.690000,0.620878,0.749099
512,109.8000,0.680000,0.610499,0.739780
512,110.1000,0.675000,0.605322,0.735108
512,110.3000,0.670000,0.600153,0.730429
512,110.5000,0.665000,0.594993,0.725741
512,110.8000,0.660000,0.589840,0.721045
512,110.9000,0.650000,0.579559,0.711629
512,111.0000,0.645000,0.574430,0.706910
512,111.2000,0.635000,0.564196,0.697448
512,111.6000,0.630000,0.559090,0.692706
512,111.8000,0.625000,0.553992,0.687957
512,111.9000,0.615000,0.543819,0.678435
512,112.5000,0.610000,0.538743,0.673664
512,113.0000,0.605000,0.533675,0.668885
512,113.1000,0.600000,0.528614,0.664099
512,113.3000,0.595000,0.523560,0.659306
512,113.4000,0.590000,0.518514,0.654506
512,113.5000,0.585000,0.513475,0.649698
512,114.3000,0.580000,0.508443,0.644884
512,114.7000,0.575000,0.503418,0.640063
512,115.7000,0.570000,0.498400,0.635234
512,115.8000,0.565000,0.493389,0.630399
512,115.9000,0.560000,0.488386,0.625557
512,117.1000,0.555000,0.483389,0.620708
512,118.1000,0.550000,0.478400,0.615852
512,118.5000,0.545000,0.473417,0.610990
512,118.7000,0.540000,0.468441,0.606120
512,119.1000,0.535000,0.463473,0.601244
512,119.4000,0.530000,0.458511,0.596361
512,122.4000,0.525000,0.453556,0.591472
512,123.4000,0.520000,0.448608,0.586575
512,123.8000,0.515000,0.443667,0.581672
512,124.0000,0.510000,0.438733,0.576762
512,124.1000,0.505000,0.433806,0.571846
512,124.3000,0.500000,0.428886,0.566922
512,124.8000,0.495000,0.423973,0.561992
512,124.9000,0.485000,0.414167,0.552112
512,125.3000,0.480000,0.409274,0.547162
512,125.6000,0.475000,0.404389,0.542205
512,125.8000,0.470000,0.399510,0.537242
512,126.0000,0.460000,0.389774,0.527295
512,126.4000,0.455000,0.384916,0.522311
512,126.5000,0.450000,0.380065,0.517320
512,126.6000,0.445000,0.375222,0.512323
512,127.0000,0.440000,0.370385,0.507319
512,127.3000,0.435000,0.365556,0.502308
512,128.0000,0.430000,0.360733,0.497290
512,128.4000,0.425000,0.355918,0.492265
512,129.8000,0.420000,0.351110,0.487233
512,130.9000,0.415000,0.346310,0.482195
512,131.6000,0.410000,0.341516,0.477149
512,132.0000,0.400000,0.331951,0.467037
512,132.1000,0.390000,0.322416,0.456896
512,133.5000,0.385000,0.317659,0.451815
512,133.9000,0.380000,0.312910,0.446727
512,134.4000,0.375000,0.308169,0.441631
512,134.6000,0.365000,0.298710,0.431418
512,134.8000,0.360000,0.293991,0.426300
512,134.9000,0.355000,0.289281,0.421175
512,135.9000,0.350000,0.284579,0.416042
512,136.2000,0.345000,0.279885,0.410901
512,136.6000,0.340000,0.275199,0.405753
512,137.2000,0.335000,0.270521,0.400597
512,137.8000,0.330000,0.265851,0.395433
512,138.0000,0.325000,0.261190,0.390261
512,138.1000,0.310000,0.247258,0.374696
512,138.9000,0.305000,0.242632,0.369491
512,139.7000,0.300000,0.238014,0.364277
512,139.8000,0.295000,0.233405,0.359055
512,140.0000,0.290000,0.228806,0.353824
512,140.3000,0.285000,0.224216,0.348585
512,140.6000,0.280000,0.219636,0.343336
512,141.3000,0.275000,0.215065,0.338079
512,141.4000,0.270000,0.210504,0.332812
512,141.5000,0.265000,0.205953,0.327535
512,142.7000,0.260000,0.201412,0.322249
512,142.8000,0.250000,0.192362,0.311648
512,143.4000,0.245000,0.187853,0.306332
512,144.1000,0.240000,0.183355,0.301006
512,145.3000,0.235000,0.178868,0.295669
512,145.8000,0.230000,0.174393,0.290321
512,147.2000,0.225000,0.169929,0.284963
512,147.8000,0.220000,0.165477,0.279593
512,148.2000,0.215000,0.161038,0.274212
512,148.6000,0.210000,0.156611,0.268819
512,149.6000,0.205000,0.152197,0.263413
512,150.5000,0.200000,0.147797,0.257996
512,150.7000,0.195000,0.143410,0.252565
512,151.4000,0.190000,0.139037,0.247122
512,151.8000,0.185000,0.134678,0.241665
512,152.4000,0.175000,0.126007,0.230709
512,154.0000,0.170000,0.121695,0.225209
512,154.7000,0.165000,0.117399,0.219693
512,155.3000,0.160000,0.113120,0.214162
512,155.6000,0.155000,0.108859,0.208615
512,158.0000,0.150000,0.104616,0.203050
512,158.2000,0.145000,0.100393,0.197468
512,160.3000,0.140000,0.096189,0.191867
512,160.5000,0.135000,0.092006,0.186247
512,162.2000,0.130000,0.087845,0.180607
512,165.1000,0.125000,0.083707,0.174946
512,166.8000,0.120000,0.079593,0.169263
512,169.3000,0.115000,0.075503,0.163557
512,172.2000,0.110000,0.071441,0.157827
512,173.5000,0.105000,0.067407,0.152070
512,175.2000,0.100000,0.063402,0.146286
512,175.8000,0.095000,0.059429,0.140473
512,176.5000,0.090000,0.055491,0.134629
512,180.7000,0.080000,0.047726,0.122839
512,181.3000,0.075000,0.043906,0.116887
512,185.2000,0.070000,0.040132,0.110894
512,185.6000,0.065000,0.036409,0.104854
512,186.4000,0.060000,0.032742,0.098764
512,188.4000,0.055000,0.029137,0.092619
512,188.5000,0.050000,0.025603,0.086411
512,190.6000,0.045000,0.022148,0.080132
512,191.6000,0.040000,0.018784,0.073774
512,202.6000,0.035000,0.015527,0.067323
512,203.0000,0.030000,0.012398,0.060763
512,203.2000,0.025000,0.009425,0.054073
512,204.5000,0.020000,0.006651,0.047225
512,206.2000,0.015000,0.004139,0.040185
512,208.7000,0.010000,0.002004,0.032925
512,224.6000,0.005000,0.000470,0.025645
512,227.5000,0.000000,0.000000,0.000000
1024,0.0000,1.000000,1.000000,1.000000
1024,83.7000,0.995000,0.965041,0.999294
1024,101.2000,0.990000,0.960611,0.997490
1024,101.3000,0.985000,0.954220,0.995137
1024,101.4000,0.980000,0.947594,0.992446
1024,101.6000,0.975000,0.940985,0.989518
1024,101.9000,0.970000,0.934447,0.986409
1024,102.1000,0.960000,0.921611,0.979793
1024,102.2000,0.950000,0.909066,0.972781
1024,102.6000,0.945000,0.902887,0.969159
1024,103.0000,0.940000,0.896764,0.965474
1024,103.2000,0.930000,0.884664,0.957935
1024,103.4000,0.915000,0.866827,0.946282
1024,103.6000,0.910000,0.860953,0.942321
1024,104.7000,0.905000,0.855112,0.938325
1024,104.8000,0.900000,0.849300,0.934298
1024,105.0000,0.890000,0.837760,0.926155
1024,105.5000,0.880000,0.826321,0.917907
1024,105.9000,0.875000,0.820637,0.913747
1024,106.0000,0.870000,0.814975,0.909564
1024,106.1000,0.860000,0.803711,0.901135
1024,106.3000,0.850000,0.792524,0.892627
1024,106.5000,0.845000,0.786958,0.888346
1024,106.6000,0.835000,0.775876,0.879732
1024,107.6000,0.830000,0.770358,0.875401
1024,107.8000,0.825000,0.764857,0.871054
1024,108.7000,0.820000,0.759370,0.866692
1024,109.0000,0.815000,0.753897,0.862315
1024,109.2000,0.805000,0.742994,0.853520
1024,109.3000,0.800000,0.737563,0.849102
1024,109.5000,0.790000,0.726738,0.840228
1024,109.7000,0.785000,0.721344,0.835773
1024,109.9000,0.780000,0.715962,0.831305
1024,110.5000,0.775000,0.710592,0.826825
1024,110.8000,0.770000,0.705233,0.822334
1024,110.9000,0.760000,0.694549,0.813319
1024,111.1000,0.755000,0.689223,0.808796
1024,111.3000,0.750000,0.683908,0.804262
1024,111.4000,0.745000,0.678602,0.799717
1024,111.8000,0.735000,0.668022,0.790598
1024,112.1000,0.730000,0.662747,0.786024
1024,112.2000,0.720000,0.652225,0.776847
1024,112.4000,0.710000,0.641740,0.767633
1024,112.6000,0.705000,0.636512,0.763013
1024,112.9000,0.700000,0.631292,0.758383
1024,113.2000,0.695000,0.626081,0.753745
1024,113.3000,0.690000,0.620878,0.749099
1024,113.7000,0.680000,0.610499,0.739780
1024,114.0000,0.675000,0.605322,0.735108
1024,114.2000,0.670000,0.600153,0.730429
1024,114.3000,0.665000,0.594993,0.725741
1024,114.5000,0.660000,0.589840,0.721045
1024,114.7000,0.655000,0.584696,0.716341
1024,115.0000,0.645000,0.574430,0.706910
1024,115.1000,0.640000,0.569309,0.702183
1024,115.2000,0.635000,0.564196,0.697448
1024,115.3000,0.630000,0.559090,0.692706
1024,115.9000,0.625000,0.553992,0.687957
1024,116.3000,0.615000,0.543819,0.678435
1024,116.4000,0.610000,0.538743,0.673664
1024,117.1000,0.605000,0.533675,0.668885
1024,117.3000,0.600000,0.528614,0.664099
1024,117.4000,0.595000,0.523560,0.659306
1024,117.7000,0.590000,0.518514,0.654506
1024,118.6000,0.570000,0.498400,0.635234
1024,118.7000,0.565000,0.493389,0.630399
1024,119.5000,0.560000,0.488386,0.625557
1024,119.7000,0.555000,0.483389,0.620708
1024,119.8000,0.545000,0.473417,0.610990
1024,120.0000,0.540000,0.468441,0.606120
1024,120.1000,0.535000,0.463473,0.601244
1024,121.4000,0.530000,0.458511,0.596361
1024,121.5000,0.525000,0.453556,0.591472
1024,121.6000,0.520000,0.448608,0.586575
1024,121.8000,0.515000,0.443667,0.581672
1024,122.1000,0.510000,0.438733,0.576762
1024,122.5000,0.505000,0.433806,0.571846
1024,122.9000,0.500000,0.428886,0.566922
1024,123.2000,0.495000,0.423973,0.561992
1024,123.3000,0.485000,0.414167,0.552112
1024,124.6000,0.480000,0.409274,0.547162
1024,124.7000,0.475000,0.404389,0.542205
1024,124.9000,0.460000,0.389774,0.527295
1024,125.2000,0.455000,0.384916,0.522311
1024,125.4000,0.445000,0.375222,0.512323
1024,125.8000,0.440000,0.370385,0.507319
1024,125.9000,0.435000,0.365556,0.502308
1024,126.1000,0.430000,0.360733,0.497290
1024,126.6000,0.425000,0.355918,0.492265
1024,126.9000,0.420000,0.351110,0.487233
1024,127.1000,0.415000,0.346310,0.482195
1024,127.2000,0.410000,0.341516,0.477149
1024,127.3000,0.405000,0.336730,0.472097
1024,127.5000,0.395000,0.327180,0.461970
1024,128.3000,0.390000,0.322416,0.456896
1024,129.3000,0.385000,0.317659,0.451815
1024,129.9000,0.380000,0.312910,0.446727
1024,130.6000,0.375000,0.308169,0.441631
1024,130.9000,0.370000,0.303435,0.436528
1024,131.4000,0.365000,0.298710,0.431418
1024,131.8000,0.360000,0.293991,0.426300
1024,132.1000,0.355000,0.289281,0.421175
1024,134.6000,0.350000,0.284579,0.416042
1024,135.3000,0.345000,0.279885,0.410901
1024,136.6000,0.340000,0.275199,0.405753
1024,137.0000,0.330000,0.265851,0.395433
1024,138.1000,0.325000,0.261190,0.390261
1024,138.3000,0.320000,0.256538,0.385080
1024,138.6000,0.315000,0.251893,0.379892
1024,141.2000,0.310000,0.247258,0.374696
1024,142.2000,0.305000,0.242632,0.369491
1024,143.3000,0.300000,0.238014,0.364277
1024,144.2000,0.295000,0.233405,0.359055
1024,144.3000,0.290000,0.228806,0.353824
1024,145.1000,0.285000,0.224216,0.348585
1024,146.4000,0.280000,0.219636,0.343336
1024,146.9000,0.275000,0.215065,0.338079
1024,147.2000,0.270000,0.210504,0.332812
1024,148.7000,0.265000,0.205953,0.327535
1024,149.9000,0.260000,0.201412,0.322249
1024,151.6000,0.255000,0.196882,0.316953
1024,152.8000,0.250000,0.192362,0.311648
1024,153.9000,0.245000,0.187853,0.306332
1024,155.0000,0.240000,0.183355,0.301006
1024,156.8000,0.235000,0.178868,0.295669
1024,157.4000,0.230000,0.174393,0.290321
1024,157.7000,0.225000,0.169929,0.284963
1024,159.8000,0.220000,0.165477,0.279593
1024,161.1000,0.215000,0.161038,0.274212
1024,161.8000,0.210000,0.156611,0.268819
1024,162.6000,0.205000,0.152197,0.263413
1024,163.6000,0.200000,0.147797,0.257996
1024,164.7000,0.195000,0.143410,0.252565
1024,166.2000,0.190000,0.139037,0.247122
1024,166.3000,0.185000,0.134678,0.241665
1024,167.5000,0.180000,0.130335,0.236194
1024,169.3000,0.175000,0.126007,0.230709
1024,171.3000,0.170000,0.121695,0.225209
1024,174.1000,0.165000,0.117399,0.219693
1024,175.8000,0.160000,0.113120,0.214162
1024,175.9000,0.155000,0.108859,0.208615
1024,181.3000,0.150000,0.104616,0.203050
1024,181.5000,0.145000,0.100393,0.197468
1024,182.0000,0.140000,0.096189,0.191867
1024,183.0000,0.135000,0.092006,0.186247
1024,183.7000,0.130000,0.087845,0.180607
1024,184.1000,0.125000,0.083707,0.174946
1024,184.2000,0.120000,0.079593,0.169263
1024,184.6000,0.115000,0.075503,0.163557
1024,185.0000,0.110000,0.071441,0.157827
1024,187.2000,0.105000,0.067407,0.152070
1024,188.7000,0.100000,0.063402,0.146286
1024,190.3000,0.095000,0.059429,0.140473
1024,192.2000,0.090000,0.055491,0.134629
1024,194.6000,0.085000,0.051589,0.128752
1024,196.3000,0.080000,0.047726,0.122839
1024,198.4000,0.075000,0.043906,0.116887
1024,200.5000,0.070000,0.040132,0.110894
1024,203.7000,0.065000,0.036409,0.104854
1024,204.0000,0.060000,0.032742,0.098764
1024,204.6000,0.055000,0.029137,0.092619
1024,205.6000,0.050000,0.025603,0.086411
1024,207.1000,0.045000,0.022148,0.080132
1024,207.4000,0.040000,0.018784,0.073774
1024,210.9000,0.035000,0.015527,0.067323
1024,212.7000,0.030000,0.012398,0.060763
1024,220.9000,0.025000,0.009425,0.054073
1024,221.2000,0.020000,0.006651,0.047225
1024,221.3000,0.015000,0.004139,0.040185
1024,223.5000,0.010000,0.002004,0.032925
1024,225.3000,0.005000,0.000470,0.025645
1024,228.6000,0.000000,0.000000,0.000000
